image_id,image_timestamp,pose_timestamp,absolute_delta_seconds,pose_index
1,7.009129,7.009129,0.0,0
2,7.042462,7.009129,0.033333,0
3,7.075795,,,
4,7.109128,,,
5,7.142461,,,
6,7.175794,,,
7,7.206967,,,
8,7.2403,,,
9,7.273633,,,
10,7.306966,,,
11,7.340299,,,
12,7.373632,,,
13,7.402809,,,
14,7.436142,,,
15,7.469475,,,
16,7.502808,,,
17,7.536141,,,
18,7.569474,,,
19,7.599573,,,
20,7.632906,,,
21,7.666239,,,
22,7.699572,,,
23,7.732905,,,
24,7.766238,,,
25,7.798438,,,
26,7.831771,,,
27,7.865104,,,
28,7.898437,,,
29,7.93177,,,
30,7.965103,7.988182,0.023079,1
31,7.988182,7.988182,0.0,1
32,8.021515,7.988182,0.033333,1
33,8.054848,,,
34,8.088181,,,
35,8.121514,,,
36,8.154847,,,
37,8.19707,,,
38,8.230403,,,
39,8.263736,,,
40,8.297069,,,
41,8.330402,,,
42,8.363735,,,
43,8.39595,,,
44,8.429283,,,
45,8.462616,,,
46,8.495949,,,
47,8.529282,,,
48,8.562615,,,
49,8.598784,,,
50,8.632117,,,
51,8.66545,,,
52,8.698783,,,
53,8.732116,,,
54,8.765449,,,
55,8.802486,,,
56,8.835819,,,
57,8.869152,,,
58,8.902485,,,
59,8.935818,,,
60,8.969151,9.002265,0.033114,2
61,9.002265,9.002265,0.0,2
62,9.035598,9.002265,0.033333,2
63,9.068931,,,
64,9.102264,,,
65,9.135597,,,
66,9.16893,,,
67,9.199111,,,
68,9.232444,,,
69,9.265777,,,
70,9.29911,,,
71,9.332443,,,
72,9.365776,,,
73,9.400044,,,
74,9.433377,,,
75,9.46671,,,
76,9.500043,,,
77,9.533376,,,
78,9.566709,,,
79,9.59966,,,
80,9.632993,,,
81,9.666326,,,
82,9.699659,,,
83,9.732992,,,
84,9.766325,,,
85,9.801471,,,
86,9.834804,,,
87,9.868137,,,
88,9.90147,,,
89,9.934803,,,
90,9.968136,9.998204,0.030068,3
91,9.998204,9.998204,0.0,3
92,10.031537,9.998204,0.033333,3
93,10.06487,,,
94,10.098203,,,
95,10.131536,,,
96,10.164869,,,
97,10.201081,,,
98,10.234414,,,
99,10.267747,,,
100,10.30108,,,
101,10.334413,,,
102,10.367746,,,
103,10.396814,,,
104,10.430147,,,
105,10.46348,,,
106,10.496813,,,
107,10.530146,,,
108,10.563479,,,
109,10.599588,,,
110,10.632921,,,
111,10.666254,,,
112,10.699587,,,
113,10.73292,,,
114,10.766253,,,
115,10.797338,,,
116,10.830671,,,
117,10.864004,,,
118,10.897337,,,
119,10.93067,,,
120,10.964003,10.997044,0.033041,4
121,10.997044,10.997044,0.0,4
122,11.030377,10.997044,0.033333,4
123,11.06371,,,
124,11.097043,,,
125,11.130376,,,
126,11.163709,,,
127,11.195824,,,
128,11.229157,,,
129,11.26249,,,
130,11.295823,,,
131,11.329156,,,
132,11.362489,,,
133,11.397736,,,
134,11.431069,,,
135,11.464402,,,
136,11.497735,,,
137,11.531068,,,
138,11.564401,,,
139,11.595348,,,
140,11.628681,,,
141,11.662014,,,
142,11.695347,,,
143,11.72868,,,
144,11.762013,,,
145,11.79609,,,
146,11.829423,,,
147,11.862756,,,
148,11.896089,,,
149,11.929422,,,
150,11.962755,11.98896,0.026205,5
151,11.98896,11.98896,0.0,5
152,12.022293,11.98896,0.033333,5
153,12.055626,,,
154,12.088959,,,
155,12.122292,,,
156,12.155625,,,
157,12.191611,,,
158,12.224944,,,
159,12.258277,,,
160,12.29161,,,
161,12.324943,,,
162,12.358276,,,
163,12.388362,,,
164,12.421695,,,
165,12.455028,,,
166,12.488361,,,
167,12.521694,,,
168,12.555027,,,
169,12.590212,,,
170,12.623545,,,
171,12.656878,,,
172,12.690211,,,
173,12.723544,,,
174,12.756877,,,
175,12.790053,,,
176,12.823386,,,
177,12.856719,,,
178,12.890052,,,
179,12.923385,,,
180,12.956718,12.990712,0.033994,6
181,12.990712,12.990712,0.0,6
182,13.024045,12.990712,0.033333,6
183,13.057378,,,
184,13.090711,,,
185,13.124044,,,
186,13.157377,,,
187,13.188406,,,
188,13.221739,,,
189,13.255072,,,
190,13.288405,,,
191,13.321738,,,
192,13.355071,,,
193,13.389207,,,
194,13.42254,,,
195,13.455873,,,
196,13.489206,,,
197,13.522539,,,
198,13.555872,,,
199,13.592107,,,
200,13.62544,,,
201,13.658773,,,
202,13.692106,,,
203,13.725439,,,
204,13.758772,,,
205,13.808127,,,
206,13.84146,,,
207,13.874793,,,
208,13.908126,,,
209,13.941459,13.989764,0.048305,7
210,13.974792,13.989764,0.014972,7
211,13.989764,13.989764,0.0,7
212,14.023097,13.989764,0.033333,7
213,14.05643,,,
214,14.089763,,,
215,14.123096,,,
216,14.156429,,,
217,14.191526,,,
218,14.224859,,,
219,14.258192,,,
220,14.291525,,,
221,14.324858,,,
222,14.358191,,,
223,14.387222,,,
224,14.420555,,,
225,14.453888,,,
226,14.487221,,,
227,14.520554,,,
228,14.553887,,,
229,14.588057,,,
230,14.62139,,,
231,14.654723,,,
232,14.688056,,,
233,14.721389,,,
234,14.754722,,,
235,14.796032,,,
236,14.829365,,,
237,14.862698,,,
238,14.896031,,,
239,14.929364,,,
240,14.962697,14.990721,0.028024,8
241,14.990721,14.990721,0.0,8
242,15.024054,14.990721,0.033333,8
243,15.057387,,,
244,15.09072,,,
245,15.124053,,,
246,15.157386,,,
247,15.185446,,,
248,15.218779,,,
249,15.252112,,,
250,15.285445,,,
251,15.318778,,,
252,15.352111,,,
253,15.387279,,,
254,15.420612,,,
255,15.453945,,,
256,15.487278,,,
257,15.520611,,,
258,15.553944,,,
259,15.585104,,,
260,15.618437,,,
261,15.65177,,,
262,15.685103,,,
263,15.718436,,,
264,15.751769,,,
265,15.786962,,,
266,15.820295,,,
267,15.853628,,,
268,15.886961,,,
269,15.920294,,,
270,15.953627,15.983557,0.02993,9
271,15.983557,15.983557,0.0,9
272,16.01689,15.983557,0.033333,9
273,16.050223,,,
274,16.083556,,,
275,16.116889,,,
276,16.150222,,,
277,16.191395,,,
278,16.224728,,,
279,16.258061,,,
280,16.291394,,,
281,16.324727,,,
282,16.35806,,,
283,16.388182,,,
284,16.421515,,,
285,16.454848,,,
286,16.488181,,,
287,16.521514,,,
288,16.554847,,,
289,16.59005,,,
290,16.623383,,,
291,16.656716,,,
292,16.690049,,,
293,16.723382,,,
294,16.756715,,,
295,16.784751,,,
296,16.818084,,,
297,16.851417,,,
298,16.88475,,,
299,16.918083,,,
300,16.951416,16.989655,0.038239,10
301,16.989655,16.989655,0.0,10
302,17.022988,16.989655,0.033333,10
303,17.056321,,,
304,17.089654,,,
305,17.122987,,,
306,17.15632,,,
307,17.187411,,,
308,17.220744,,,
309,17.254077,,,
310,17.28741,,,
311,17.320743,,,
312,17.354076,,,
313,17.391383,,,
314,17.424716,,,
315,17.458049,,,
316,17.491382,,,
317,17.524715,,,
318,17.558048,,,
319,17.588112,,,
320,17.621445,,,
321,17.654778,,,
322,17.688111,,,
323,17.721444,,,
324,17.754777,,,
325,17.784803,,,
326,17.818136,,,
327,17.851469,,,
328,17.884802,,,
329,17.918135,,,
330,17.951468,17.985701,0.034233,11
331,17.985701,17.985701,0.0,11
332,18.019034,17.985701,0.033333,11
333,18.052367,,,
334,18.0857,,,
335,18.119033,,,
336,18.152366,,,
337,18.192591,,,
338,18.225924,,,
339,18.259257,,,
340,18.29259,,,
341,18.325923,,,
342,18.359256,,,
343,18.384222,,,
344,18.417555,,,
345,18.450888,,,
346,18.484221,,,
347,18.517554,,,
348,18.550887,,,
349,18.588175,,,
350,18.621508,,,
